<?xml version="1.0" encoding="UTF-8"?>
<!DOCTYPE plist PUBLIC "-//Apple Computer//DTD PLIST 1.0//EN" "http://www.apple.com/DTDs/PropertyList-1.0.dtd">
<plist version="1.0">
<dict>
	<key>AppID</key>
	<data>
	4xueOy95xUdT6PHP+nd0E1MfS0gVdvQT9wznDZ5RGxDxfKXYwMqCkU55Uq0d53D2
	</data>
	<key>ExpID</key>
	<string>51cdd6302093d6dfa46df8c88975efc5
</string>
	<key>expirationDate</key>
	<date>2008-02-24T18:57:57Z</date>
	<key>expirationMode</key>
	<integer>0</integer>
	<key>expirationTimeInDays</key>
	<integer>14</integer>
	<key>quitOnKeyDowns</key>
	<integer>1</integer>
	<key>quitOnMouseEvents</key>
	<integer>1</integer>
</dict>
</plist>
