<?xml version="1.0" encoding="UTF-8"?>
<!DOCTYPE plist PUBLIC "-//Apple Computer//DTD PLIST 1.0//EN" "http://www.apple.com/DTDs/PropertyList-1.0.dtd">
<plist version="1.0">
<dict>
	<key>AppID</key>
	<data>
	/vP66jZhqbxij4o2y6Uyps3WCF9K8bioG7zTIDD0jkWnlIKsgk1qheQdJX+iEVSO
	</data>
	<key>ExpID</key>
	<string>51cdd6302093d6dfa46df8c88975efc5
</string>
	<key>expirationDate</key>
	<date>2008-05-10T01:26:00Z</date>
	<key>expirationMode</key>
	<integer>0</integer>
	<key>expirationTimeInDays</key>
	<integer>14</integer>
	<key>quitOnKeyDowns</key>
	<integer>1</integer>
	<key>quitOnMouseEvents</key>
	<integer>1</integer>
</dict>
</plist>
